state_id,state_name,district_id,district_name
1,Andaman and Nicobar Islands,3,Nicobar
state_id,state_name,district_id,district_name
1,Andaman and Nicobar Islands,1,North and Middle Andaman
state_id,state_name,district_id,district_name
1,Andaman and Nicobar Islands,2,South Andaman
state_id,state_name,district_id,district_name
1,Andaman and Nicobar Islands,820,test
state_id,state_name,district_id,district_name
2,Andhra Pradesh,9,Anantapur
state_id,state_name,district_id,district_name
2,Andhra Pradesh,10,Chittoor
state_id,state_name,district_id,district_name
2,Andhra Pradesh,11,East Godavari
state_id,state_name,district_id,district_name
2,Andhra Pradesh,5,Guntur
state_id,state_name,district_id,district_name
2,Andhra Pradesh,4,Krishna
state_id,state_name,district_id,district_name
2,Andhra Pradesh,7,Kurnool
state_id,state_name,district_id,district_name
2,Andhra Pradesh,12,Prakasam
state_id,state_name,district_id,district_name
2,Andhra Pradesh,13,Sri Potti Sriramulu Nelloree
state_id,state_name,district_id,district_name
2,Andhra Pradesh,14,Srikakulam
state_id,state_name,district_id,district_name
2,Andhra Pradesh,819,test langitude
state_id,state_name,district_id,district_name
2,Andhra Pradesh,8,Visakhapatnam
state_id,state_name,district_id,district_name
2,Andhra Pradesh,15,Vizianagaram
state_id,state_name,district_id,district_name
2,Andhra Pradesh,16,West Godavari
state_id,state_name,district_id,district_name
2,Andhra Pradesh,6,"YSR District, Kadapa (Cuddapah)"
state_id,state_name,district_id,district_name
3,Arunachal Pradesh,22,Anjaw
state_id,state_name,district_id,district_name
3,Arunachal Pradesh,787,Arunachal Pradesh Test District
state_id,state_name,district_id,district_name
3,Arunachal Pradesh,20,Changlang
state_id,state_name,district_id,district_name
3,Arunachal Pradesh,25,Dibang Valley
state_id,state_name,district_id,district_name
3,Arunachal Pradesh,23,East Kameng
state_id,state_name,district_id,district_name
3,Arunachal Pradesh,42,East Siang
state_id,state_name,district_id,district_name
3,Arunachal Pradesh,17,Itanagar Capital Complex
state_id,state_name,district_id,district_name
3,Arunachal Pradesh,24,Kamle
state_id,state_name,district_id,district_name
3,Arunachal Pradesh,27,Kra Daadi
state_id,state_name,district_id,district_name
3,Arunachal Pradesh,21,Kurung Kumey
state_id,state_name,district_id,district_name
3,Arunachal Pradesh,33,Lepa Rada
state_id,state_name,district_id,district_name
3,Arunachal Pradesh,29,Lohit
state_id,state_name,district_id,district_name
3,Arunachal Pradesh,40,Longding
state_id,state_name,district_id,district_name
3,Arunachal Pradesh,31,Lower Dibang Valley
state_id,state_name,district_id,district_name
3,Arunachal Pradesh,18,Lower Siang
state_id,state_name,district_id,district_name
3,Arunachal Pradesh,32,Lower Subansiri
state_id,state_name,district_id,district_name
3,Arunachal Pradesh,36,Namsai
state_id,state_name,district_id,district_name
3,Arunachal Pradesh,19,Pakke Kessang
state_id,state_name,district_id,district_name
3,Arunachal Pradesh,39,Papum Pare
state_id,state_name,district_id,district_name
3,Arunachal Pradesh,800,sedt
state_id,state_name,district_id,district_name
3,Arunachal Pradesh,35,Shi Yomi
state_id,state_name,district_id,district_name
3,Arunachal Pradesh,37,Siang
state_id,state_name,district_id,district_name
3,Arunachal Pradesh,30,Tawang
state_id,state_name,district_id,district_name
3,Arunachal Pradesh,26,Tirap
state_id,state_name,district_id,district_name
3,Arunachal Pradesh,34,Upper Siang
state_id,state_name,district_id,district_name
3,Arunachal Pradesh,41,Upper Subansiri
state_id,state_name,district_id,district_name
3,Arunachal Pradesh,28,West Kameng
state_id,state_name,district_id,district_name
3,Arunachal Pradesh,38,West Siang
state_id,state_name,district_id,district_name
4,Assam,46,Baksa
state_id,state_name,district_id,district_name
4,Assam,47,Barpeta
state_id,state_name,district_id,district_name
4,Assam,765,Biswanath
state_id,state_name,district_id,district_name
4,Assam,57,Bongaigaon
state_id,state_name,district_id,district_name
4,Assam,66,Cachar
state_id,state_name,district_id,district_name
4,Assam,766,Charaideo
state_id,state_name,district_id,district_name
4,Assam,58,Chirang
state_id,state_name,district_id,district_name
4,Assam,48,Darrang
state_id,state_name,district_id,district_name
4,Assam,62,Dhemaji
state_id,state_name,district_id,district_name
4,Assam,59,Dhubri
state_id,state_name,district_id,district_name
4,Assam,43,Dibrugarh
state_id,state_name,district_id,district_name
4,Assam,67,Dima Hasao
state_id,state_name,district_id,district_name
4,Assam,60,Goalpara
state_id,state_name,district_id,district_name
4,Assam,53,Golaghat
state_id,state_name,district_id,district_name
4,Assam,68,Hailakandi
state_id,state_name,district_id,district_name
4,Assam,764,Hojai
state_id,state_name,district_id,district_name
4,Assam,54,Jorhat
state_id,state_name,district_id,district_name
4,Assam,49,Kamrup Metropolitan
state_id,state_name,district_id,district_name
4,Assam,50,Kamrup Rural
state_id,state_name,district_id,district_name
4,Assam,51,Karbi-Anglong
state_id,state_name,district_id,district_name
4,Assam,69,Karimganj
state_id,state_name,district_id,district_name
4,Assam,61,Kokrajhar
state_id,state_name,district_id,district_name
4,Assam,63,Lakhimpur
state_id,state_name,district_id,district_name
4,Assam,767,Majuli
state_id,state_name,district_id,district_name
4,Assam,55,Morigaon
state_id,state_name,district_id,district_name
4,Assam,56,Nagaon
state_id,state_name,district_id,district_name
4,Assam,52,Nalbari
state_id,state_name,district_id,district_name
4,Assam,812,New Assam District N
state_id,state_name,district_id,district_name
4,Assam,44,Sivasagar
state_id,state_name,district_id,district_name
4,Assam,64,Sonitpur
state_id,state_name,district_id,district_name
4,Assam,768,South Salmara Mankachar
state_id,state_name,district_id,district_name
4,Assam,45,Tinsukia
state_id,state_name,district_id,district_name
4,Assam,65,Udalguri
state_id,state_name,district_id,district_name
4,Assam,769,West Karbi Anglong
state_id,state_name,district_id,district_name
5,Bihar,74,Araria
state_id,state_name,district_id,district_name
5,Bihar,78,Arwal
state_id,state_name,district_id,district_name
5,Bihar,77,Aurangabad
state_id,state_name,district_id,district_name
5,Bihar,83,Banka
state_id,state_name,district_id,district_name
5,Bihar,98,Begusarai
state_id,state_name,district_id,district_name
5,Bihar,82,Bhagalpur
state_id,state_name,district_id,district_name
5,Bihar,99,Bhojpur
state_id,state_name,district_id,district_name
5,Bihar,100,Buxar
state_id,state_name,district_id,district_name
5,Bihar,94,Darbhanga
state_id,state_name,district_id,district_name
5,Bihar,105,East Champaran
state_id,state_name,district_id,district_name
5,Bihar,79,Gaya
state_id,state_name,district_id,district_name
5,Bihar,104,Gopalganj
state_id,state_name,district_id,district_name
5,Bihar,107,Jamui
state_id,state_name,district_id,district_name
5,Bihar,91,Jehanabad
state_id,state_name,district_id,district_name
5,Bihar,80,Kaimur
state_id,state_name,district_id,district_name
5,Bihar,75,Katihar
state_id,state_name,district_id,district_name
5,Bihar,101,Khagaria
state_id,state_name,district_id,district_name
5,Bihar,76,Kishanganj
state_id,state_name,district_id,district_name
5,Bihar,84,Lakhisarai
state_id,state_name,district_id,district_name
5,Bihar,70,Madhepura
state_id,state_name,district_id,district_name
5,Bihar,95,Madhubani
state_id,state_name,district_id,district_name
5,Bihar,85,Munger
state_id,state_name,district_id,district_name
5,Bihar,86,Muzaffarpur
state_id,state_name,district_id,district_name
5,Bihar,90,Nalanda
state_id,state_name,district_id,district_name
5,Bihar,92,Nawada
state_id,state_name,district_id,district_name
5,Bihar,97,Patna
state_id,state_name,district_id,district_name
5,Bihar,73,Purnia
state_id,state_name,district_id,district_name
5,Bihar,81,Rohtas
state_id,state_name,district_id,district_name
5,Bihar,71,Saharsa
state_id,state_name,district_id,district_name
5,Bihar,96,Samastipur
state_id,state_name,district_id,district_name
5,Bihar,102,Saran
state_id,state_name,district_id,district_name
5,Bihar,93,Sheikhpura
state_id,state_name,district_id,district_name
5,Bihar,87,Sheohar
state_id,state_name,district_id,district_name
5,Bihar,88,Sitamarhi
state_id,state_name,district_id,district_name
5,Bihar,103,Siwan
state_id,state_name,district_id,district_name
5,Bihar,72,Supaul
state_id,state_name,district_id,district_name
5,Bihar,89,Vaishali
state_id,state_name,district_id,district_name
5,Bihar,106,West Champaran
state_id,state_name,district_id,district_name
6,Chandigarh,108,Chandigarh
state_id,state_name,district_id,district_name
7,Chhattisgarh,110,Balod
state_id,state_name,district_id,district_name
7,Chhattisgarh,111,Baloda bazar
state_id,state_name,district_id,district_name
7,Chhattisgarh,112,Balrampur
state_id,state_name,district_id,district_name
7,Chhattisgarh,113,Bastar
state_id,state_name,district_id,district_name
7,Chhattisgarh,114,Bemetara
state_id,state_name,district_id,district_name
7,Chhattisgarh,115,Bijapur
state_id,state_name,district_id,district_name
7,Chhattisgarh,116,Bilaspur
state_id,state_name,district_id,district_name
7,Chhattisgarh,117,Dantewada
state_id,state_name,district_id,district_name
7,Chhattisgarh,118,Dhamtari
state_id,state_name,district_id,district_name
7,Chhattisgarh,119,Durg
state_id,state_name,district_id,district_name
7,Chhattisgarh,120,Gariaband
state_id,state_name,district_id,district_name
7,Chhattisgarh,136,Gaurella Pendra Marwahi
state_id,state_name,district_id,district_name
7,Chhattisgarh,121,Janjgir-Champa
state_id,state_name,district_id,district_name
7,Chhattisgarh,122,Jashpur
state_id,state_name,district_id,district_name
7,Chhattisgarh,123,Kanker
state_id,state_name,district_id,district_name
7,Chhattisgarh,135,Kawardha
state_id,state_name,district_id,district_name
7,Chhattisgarh,124,Kondagaon
state_id,state_name,district_id,district_name
7,Chhattisgarh,125,Korba
state_id,state_name,district_id,district_name
7,Chhattisgarh,126,Koriya
state_id,state_name,district_id,district_name
7,Chhattisgarh,127,Mahasamund
state_id,state_name,district_id,district_name
7,Chhattisgarh,128,Mungeli
state_id,state_name,district_id,district_name
7,Chhattisgarh,129,Narayanpur
state_id,state_name,district_id,district_name
7,Chhattisgarh,130,Raigarh
state_id,state_name,district_id,district_name
7,Chhattisgarh,109,Raipur
state_id,state_name,district_id,district_name
7,Chhattisgarh,131,Rajnandgaon
state_id,state_name,district_id,district_name
7,Chhattisgarh,132,Sukma
state_id,state_name,district_id,district_name
7,Chhattisgarh,133,Surajpur
state_id,state_name,district_id,district_name
7,Chhattisgarh,134,Surguja
state_id,state_name,district_id,district_name
8,Dadar and Nagar Haveli,137,Dadra and Nagar Haveli
state_id,state_name,district_id,district_name
37,Daman and Diu,138,Daman
state_id,state_name,district_id,district_name
37,Daman and Diu,139,Diu
state_id,state_name,district_id,district_name
9,Delhi,141,Central Delhi
state_id,state_name,district_id,district_name
9,Delhi,145,East Delhi
state_id,state_name,district_id,district_name
9,Delhi,140,New Delhi
state_id,state_name,district_id,district_name
9,Delhi,146,North Delhi
state_id,state_name,district_id,district_name
9,Delhi,147,North East Delhi
state_id,state_name,district_id,district_name
9,Delhi,143,North West Delhi
state_id,state_name,district_id,district_name
9,Delhi,148,Shahdara
state_id,state_name,district_id,district_name
9,Delhi,149,South Delhi
state_id,state_name,district_id,district_name
9,Delhi,144,South East Delhi
state_id,state_name,district_id,district_name
9,Delhi,150,South West Delhi
state_id,state_name,district_id,district_name
9,Delhi,142,West Delhi
state_id,state_name,district_id,district_name
80,Demo,782,Demo Dist
state_id,state_name,district_id,district_name
82,DhState1,784,DhDistrict
state_id,state_name,district_id,district_name
90,DNM State,793,DNM Amit
state_id,state_name,district_id,district_name
90,DNM State,794,DNM Amol
state_id,state_name,district_id,district_name
90,DNM State,795,DNM Ankit
state_id,state_name,district_id,district_name
90,DNM State,796,DNM Kunal
state_id,state_name,district_id,district_name
90,DNM State,797,DNM Neha
state_id,state_name,district_id,district_name
90,DNM State,799,DNM Sandesh
state_id,state_name,district_id,district_name
90,DNM State,803,ertem
state_id,state_name,district_id,district_name
90,DNM State,805,ertert
state_id,state_name,district_id,district_name
90,DNM State,798,Sandesh
state_id,state_name,district_id,district_name
90,DNM State,804,testeee
state_id,state_name,district_id,district_name
90,DNM State,801,testtest
state_id,state_name,district_id,district_name
90,DNM State,802,testTest1
state_id,state_name,district_id,district_name
10,Goa,151,North Goa
state_id,state_name,district_id,district_name
10,Goa,152,South Goa
state_id,state_name,district_id,district_name
11,Gujarat,154,Ahmedabad
state_id,state_name,district_id,district_name
11,Gujarat,770,Ahmedabad Corporation
state_id,state_name,district_id,district_name
11,Gujarat,174,Amreli
state_id,state_name,district_id,district_name
11,Gujarat,179,Anand
state_id,state_name,district_id,district_name
11,Gujarat,158,Aravalli
state_id,state_name,district_id,district_name
11,Gujarat,159,Banaskantha
state_id,state_name,district_id,district_name
11,Gujarat,180,Bharuch
state_id,state_name,district_id,district_name
11,Gujarat,175,Bhavnagar
state_id,state_name,district_id,district_name
11,Gujarat,771,Bhavnagar Corporation
state_id,state_name,district_id,district_name
11,Gujarat,176,Botad
state_id,state_name,district_id,district_name
11,Gujarat,181,Chhotaudepur
state_id,state_name,district_id,district_name
11,Gujarat,182,Dahod
state_id,state_name,district_id,district_name
11,Gujarat,163,Dang
state_id,state_name,district_id,district_name
11,Gujarat,168,Devbhumi Dwaraka
state_id,state_name,district_id,district_name
11,Gujarat,153,Gandhinagar
state_id,state_name,district_id,district_name
11,Gujarat,772,Gandhinagar Corporation
state_id,state_name,district_id,district_name
11,Gujarat,177,Gir Somnath
state_id,state_name,district_id,district_name
11,Gujarat,816,gitsre
state_id,state_name,district_id,district_name
11,Gujarat,815,gujarathDistrict
state_id,state_name,district_id,district_name
11,Gujarat,169,Jamnagar
state_id,state_name,district_id,district_name
11,Gujarat,773,Jamnagar Corporation
state_id,state_name,district_id,district_name
11,Gujarat,178,Junagadh
state_id,state_name,district_id,district_name
11,Gujarat,774,Junagadh Corporation
state_id,state_name,district_id,district_name
11,Gujarat,156,Kheda
state_id,state_name,district_id,district_name
11,Gujarat,170,Kutch
state_id,state_name,district_id,district_name
11,Gujarat,183,Mahisagar
state_id,state_name,district_id,district_name
11,Gujarat,160,Mehsana
state_id,state_name,district_id,district_name
11,Gujarat,171,Morbi
state_id,state_name,district_id,district_name
11,Gujarat,184,Narmada
state_id,state_name,district_id,district_name
11,Gujarat,164,Navsari
state_id,state_name,district_id,district_name
11,Gujarat,185,Panchmahal
state_id,state_name,district_id,district_name
11,Gujarat,161,Patan
state_id,state_name,district_id,district_name
11,Gujarat,172,Porbandar
state_id,state_name,district_id,district_name
11,Gujarat,173,Rajkot
state_id,state_name,district_id,district_name
11,Gujarat,775,Rajkot Corporation
state_id,state_name,district_id,district_name
11,Gujarat,162,Sabarkantha
state_id,state_name,district_id,district_name
11,Gujarat,165,Surat
state_id,state_name,district_id,district_name
11,Gujarat,776,Surat Corporation
state_id,state_name,district_id,district_name
11,Gujarat,157,Surendranagar
state_id,state_name,district_id,district_name
11,Gujarat,166,Tapi
state_id,state_name,district_id,district_name
11,Gujarat,806,Test District123
state_id,state_name,district_id,district_name
11,Gujarat,155,Vadodara
state_id,state_name,district_id,district_name
11,Gujarat,777,Vadodara Corporation
state_id,state_name,district_id,district_name
11,Gujarat,167,Valsad
state_id,state_name,district_id,district_name
12,Haryana II,193,Ambala
state_id,state_name,district_id,district_name
12,Haryana II,200,Bhiwani
state_id,state_name,district_id,district_name
12,Haryana II,201,Charkhi Dadri
state_id,state_name,district_id,district_name
12,Haryana II,199,Faridabad
state_id,state_name,district_id,district_name
12,Haryana II,196,Fatehabad
state_id,state_name,district_id,district_name
12,Haryana II,188,Gurgaon
state_id,state_name,district_id,district_name
12,Haryana II,191,Hisar
state_id,state_name,district_id,district_name
12,Haryana II,189,Jhajjar
state_id,state_name,district_id,district_name
12,Haryana II,204,Jind
state_id,state_name,district_id,district_name
12,Haryana II,190,Kaithal
state_id,state_name,district_id,district_name
12,Haryana II,203,Karnal
state_id,state_name,district_id,district_name
12,Haryana II,186,Kurukshetra
state_id,state_name,district_id,district_name
12,Haryana II,206,Mahendragarh
state_id,state_name,district_id,district_name
12,Haryana II,205,Nuh
state_id,state_name,district_id,district_name
12,Haryana II,207,Palwal
state_id,state_name,district_id,district_name
12,Haryana II,187,Panchkula
state_id,state_name,district_id,district_name
12,Haryana II,195,Panipat
state_id,state_name,district_id,district_name
12,Haryana II,202,Rewari
state_id,state_name,district_id,district_name
12,Haryana II,192,Rohtak
state_id,state_name,district_id,district_name
12,Haryana II,194,Sirsa
state_id,state_name,district_id,district_name
12,Haryana II,198,Sonipat
state_id,state_name,district_id,district_name
12,Haryana II,197,Yamunanagar
state_id,state_name,district_id,district_name
13,Himachal Pradesh,219,Bilaspur
state_id,state_name,district_id,district_name
13,Himachal Pradesh,214,Chamba
state_id,state_name,district_id,district_name
13,Himachal Pradesh,217,Hamirpur
state_id,state_name,district_id,district_name
13,Himachal Pradesh,213,Kangra
state_id,state_name,district_id,district_name
13,Himachal Pradesh,216,Kinnaur
state_id,state_name,district_id,district_name
13,Himachal Pradesh,211,Kullu
state_id,state_name,district_id,district_name
13,Himachal Pradesh,210,Lahaul Spiti
state_id,state_name,district_id,district_name
13,Himachal Pradesh,215,Mandi
state_id,state_name,district_id,district_name
13,Himachal Pradesh,208,Shimla
state_id,state_name,district_id,district_name
13,Himachal Pradesh,212,Sirmaur
state_id,state_name,district_id,district_name
13,Himachal Pradesh,209,Solan
state_id,state_name,district_id,district_name
13,Himachal Pradesh,218,Una
state_id,state_name,district_id,district_name
14,Jammu and Kashmir,224,Anantnag
state_id,state_name,district_id,district_name
14,Jammu and Kashmir,223,Bandipore
state_id,state_name,district_id,district_name
14,Jammu and Kashmir,225,Baramulla
state_id,state_name,district_id,district_name
14,Jammu and Kashmir,229,Budgam
state_id,state_name,district_id,district_name
14,Jammu and Kashmir,232,Doda
state_id,state_name,district_id,district_name
14,Jammu and Kashmir,228,Ganderbal
state_id,state_name,district_id,district_name
14,Jammu and Kashmir,230,Jammu
state_id,state_name,district_id,district_name
14,Jammu and Kashmir,234,Kathua
state_id,state_name,district_id,district_name
14,Jammu and Kashmir,231,Kishtwar
state_id,state_name,district_id,district_name
14,Jammu and Kashmir,221,Kulgam
state_id,state_name,district_id,district_name
14,Jammu and Kashmir,226,Kupwara
state_id,state_name,district_id,district_name
14,Jammu and Kashmir,238,Poonch
state_id,state_name,district_id,district_name
14,Jammu and Kashmir,227,Pulwama
state_id,state_name,district_id,district_name
14,Jammu and Kashmir,237,Rajouri
state_id,state_name,district_id,district_name
14,Jammu and Kashmir,235,Ramban
state_id,state_name,district_id,district_name
14,Jammu and Kashmir,239,Reasi
state_id,state_name,district_id,district_name
14,Jammu and Kashmir,236,Samba
state_id,state_name,district_id,district_name
14,Jammu and Kashmir,222,Shopian
state_id,state_name,district_id,district_name
14,Jammu and Kashmir,220,Srinagar
state_id,state_name,district_id,district_name
14,Jammu and Kashmir,233,Udhampur
state_id,state_name,district_id,district_name
15,Jharkhand,242,Bokaro
state_id,state_name,district_id,district_name
15,Jharkhand,245,Chatra
state_id,state_name,district_id,district_name
15,Jharkhand,253,Deoghar
state_id,state_name,district_id,district_name
15,Jharkhand,257,Dhanbad
state_id,state_name,district_id,district_name
15,Jharkhand,258,Dumka
state_id,state_name,district_id,district_name
15,Jharkhand,247,East Singhbhum
state_id,state_name,district_id,district_name
15,Jharkhand,243,Garhwa
state_id,state_name,district_id,district_name
15,Jharkhand,256,Giridih
state_id,state_name,district_id,district_name
15,Jharkhand,262,Godda
state_id,state_name,district_id,district_name
15,Jharkhand,251,Gumla
state_id,state_name,district_id,district_name
15,Jharkhand,255,Hazaribagh
state_id,state_name,district_id,district_name
15,Jharkhand,259,Jamtara
state_id,state_name,district_id,district_name
15,Jharkhand,252,Khunti
state_id,state_name,district_id,district_name
15,Jharkhand,241,Koderma
state_id,state_name,district_id,district_name
15,Jharkhand,244,Latehar
state_id,state_name,district_id,district_name
15,Jharkhand,250,Lohardaga
state_id,state_name,district_id,district_name
15,Jharkhand,261,Pakur
state_id,state_name,district_id,district_name
15,Jharkhand,246,Palamu
state_id,state_name,district_id,district_name
15,Jharkhand,254,Ramgarh
state_id,state_name,district_id,district_name
15,Jharkhand,240,Ranchi
state_id,state_name,district_id,district_name
15,Jharkhand,260,Sahebganj
state_id,state_name,district_id,district_name
15,Jharkhand,248,Seraikela Kharsawan
state_id,state_name,district_id,district_name
15,Jharkhand,249,Simdega
state_id,state_name,district_id,district_name
15,Jharkhand,263,West Singhbhum
state_id,state_name,district_id,district_name
16,Karnataka,270,Bagalkot
state_id,state_name,district_id,district_name
16,Karnataka,276,Bangalore Rural
state_id,state_name,district_id,district_name
16,Karnataka,265,Bangalore Urban
state_id,state_name,district_id,district_name
16,Karnataka,294,BBMP
state_id,state_name,district_id,district_name
16,Karnataka,264,Belgaum
state_id,state_name,district_id,district_name
16,Karnataka,274,Bellary
state_id,state_name,district_id,district_name
16,Karnataka,272,Bidar
state_id,state_name,district_id,district_name
16,Karnataka,271,Chamarajanagar
state_id,state_name,district_id,district_name
16,Karnataka,273,Chikamagalur
state_id,state_name,district_id,district_name
16,Karnataka,291,Chikkaballapur
state_id,state_name,district_id,district_name
16,Karnataka,268,Chitradurga
state_id,state_name,district_id,district_name
16,Karnataka,269,Dakshina Kannada
state_id,state_name,district_id,district_name
16,Karnataka,275,Davanagere
state_id,state_name,district_id,district_name
16,Karnataka,278,Dharwad
state_id,state_name,district_id,district_name
16,Karnataka,280,Gadag
state_id,state_name,district_id,district_name
16,Karnataka,267,Gulbarga
state_id,state_name,district_id,district_name
16,Karnataka,289,Hassan
state_id,state_name,district_id,district_name
16,Karnataka,279,Haveri
state_id,state_name,district_id,district_name
16,Karnataka,283,Kodagu
state_id,state_name,district_id,district_name
16,Karnataka,277,Kolar
state_id,state_name,district_id,district_name
16,Karnataka,282,Koppal
state_id,state_name,district_id,district_name
16,Karnataka,290,Mandya
state_id,state_name,district_id,district_name
16,Karnataka,266,Mysore
state_id,state_name,district_id,district_name
16,Karnataka,284,Raichur
state_id,state_name,district_id,district_name
16,Karnataka,292,Ramanagara
state_id,state_name,district_id,district_name
16,Karnataka,287,Shimoga
state_id,state_name,district_id,district_name
16,Karnataka,288,Tumkur
state_id,state_name,district_id,district_name
16,Karnataka,286,Udupi
state_id,state_name,district_id,district_name
16,Karnataka,281,Uttar Kannada
state_id,state_name,district_id,district_name
16,Karnataka,293,Vijayapura
state_id,state_name,district_id,district_name
16,Karnataka,285,Yadgir
state_id,state_name,district_id,district_name
17,Kerala,301,Alappuzha
state_id,state_name,district_id,district_name
17,Kerala,307,Ernamkulam
state_id,state_name,district_id,district_name
17,Kerala,306,Idukki
state_id,state_name,district_id,district_name
17,Kerala,297,Kannur
state_id,state_name,district_id,district_name
17,Kerala,295,Kasaragod
state_id,state_name,district_id,district_name
17,Kerala,298,Kollam
state_id,state_name,district_id,district_name
17,Kerala,304,Kottayam
state_id,state_name,district_id,district_name
17,Kerala,305,Kozhikode
state_id,state_name,district_id,district_name
17,Kerala,302,Malappuram
state_id,state_name,district_id,district_name
17,Kerala,308,Palakkad
state_id,state_name,district_id,district_name
17,Kerala,300,Pathanamthitta
state_id,state_name,district_id,district_name
17,Kerala,296,Thiruvananthapuram
state_id,state_name,district_id,district_name
17,Kerala,303,Thrissur
state_id,state_name,district_id,district_name
17,Kerala,299,Wayanad
state_id,state_name,district_id,district_name
88,KeralaNew,790,KeralaDistrict
state_id,state_name,district_id,district_name
98,KL New,813,PL new
state_id,state_name,district_id,district_name
18,Ladakh,309,Kargil
state_id,state_name,district_id,district_name
18,Ladakh,310,Leh Ladakh
state_id,state_name,district_id,district_name
19,Lakshadweep,311,Lakshadweep
state_id,state_name,district_id,district_name
107,Lucknow,821,Lucknow
state_id,state_name,district_id,district_name
20,Madhya Pradesh,320,Agar
state_id,state_name,district_id,district_name
20,Madhya Pradesh,357,Alirajpur
state_id,state_name,district_id,district_name
20,Madhya Pradesh,334,Anuppur
state_id,state_name,district_id,district_name
20,Madhya Pradesh,354,Ashoknagar
state_id,state_name,district_id,district_name
20,Madhya Pradesh,338,Balaghat
state_id,state_name,district_id,district_name
20,Madhya Pradesh,343,Barwani
state_id,state_name,district_id,district_name
20,Madhya Pradesh,362,Betul
state_id,state_name,district_id,district_name
20,Madhya Pradesh,351,Bhind
state_id,state_name,district_id,district_name
20,Madhya Pradesh,312,Bhopal
state_id,state_name,district_id,district_name
20,Madhya Pradesh,342,Burhanpur
state_id,state_name,district_id,district_name
20,Madhya Pradesh,328,Chhatarpur
state_id,state_name,district_id,district_name
20,Madhya Pradesh,337,Chhindwara
state_id,state_name,district_id,district_name
20,Madhya Pradesh,327,Damoh
state_id,state_name,district_id,district_name
20,Madhya Pradesh,350,Datia
state_id,state_name,district_id,district_name
20,Madhya Pradesh,324,Dewas
state_id,state_name,district_id,district_name
20,Madhya Pradesh,341,Dhar
state_id,state_name,district_id,district_name
20,Madhya Pradesh,336,Dindori
state_id,state_name,district_id,district_name
20,Madhya Pradesh,348,Guna
state_id,state_name,district_id,district_name
20,Madhya Pradesh,313,Gwalior
state_id,state_name,district_id,district_name
20,Madhya Pradesh,361,Harda
state_id,state_name,district_id,district_name
20,Madhya Pradesh,360,Hoshangabad
state_id,state_name,district_id,district_name
20,Madhya Pradesh,314,Indore
state_id,state_name,district_id,district_name
20,Madhya Pradesh,315,Jabalpur
state_id,state_name,district_id,district_name
20,Madhya Pradesh,340,Jhabua
state_id,state_name,district_id,district_name
20,Madhya Pradesh,353,Katni
state_id,state_name,district_id,district_name
20,Madhya Pradesh,339,Khandwa
state_id,state_name,district_id,district_name
20,Madhya Pradesh,344,Khargone
state_id,state_name,district_id,district_name
20,Madhya Pradesh,335,Mandla
state_id,state_name,district_id,district_name
20,Madhya Pradesh,319,Mandsaur
state_id,state_name,district_id,district_name
20,Madhya Pradesh,347,Morena
state_id,state_name,district_id,district_name
20,Madhya Pradesh,352,Narsinghpur
state_id,state_name,district_id,district_name
20,Madhya Pradesh,323,Neemuch
state_id,state_name,district_id,district_name
20,Madhya Pradesh,326,Panna
state_id,state_name,district_id,district_name
20,Madhya Pradesh,359,Raisen
state_id,state_name,district_id,district_name
20,Madhya Pradesh,358,Rajgarh
state_id,state_name,district_id,district_name
20,Madhya Pradesh,322,Ratlam
state_id,state_name,district_id,district_name
20,Madhya Pradesh,316,Rewa
state_id,state_name,district_id,district_name
20,Madhya Pradesh,317,Sagar
state_id,state_name,district_id,district_name
20,Madhya Pradesh,333,Satna
state_id,state_name,district_id,district_name
20,Madhya Pradesh,356,Sehore
state_id,state_name,district_id,district_name
20,Madhya Pradesh,349,Seoni
state_id,state_name,district_id,district_name
20,Madhya Pradesh,332,Shahdol
state_id,state_name,district_id,district_name
20,Madhya Pradesh,321,Shajapur
state_id,state_name,district_id,district_name
20,Madhya Pradesh,346,Sheopur
state_id,state_name,district_id,district_name
20,Madhya Pradesh,345,Shivpuri
state_id,state_name,district_id,district_name
20,Madhya Pradesh,331,Sidhi
state_id,state_name,district_id,district_name
20,Madhya Pradesh,330,Singrauli
state_id,state_name,district_id,district_name
20,Madhya Pradesh,325,Tikamgarh
state_id,state_name,district_id,district_name
20,Madhya Pradesh,318,Ujjain
state_id,state_name,district_id,district_name
20,Madhya Pradesh,329,Umaria
state_id,state_name,district_id,district_name
20,Madhya Pradesh,355,Vidisha
state_id,state_name,district_id,district_name
21,Maharashtra,388,a b c d
state_id,state_name,district_id,district_name
21,Maharashtra,391,Ahmednagar
state_id,state_name,district_id,district_name
21,Maharashtra,364,Akola
state_id,state_name,district_id,district_name
21,Maharashtra,366,Amravati
state_id,state_name,district_id,district_name
21,Maharashtra,397,Aurangabad
state_id,state_name,district_id,district_name
21,Maharashtra,384,Beed
state_id,state_name,district_id,district_name
21,Maharashtra,370,Bhandara
state_id,state_name,district_id,district_name
21,Maharashtra,367,Buldhana
state_id,state_name,district_id,district_name
21,Maharashtra,380,Chandrapur
state_id,state_name,district_id,district_name
21,Maharashtra,379,Gadchiroli
state_id,state_name,district_id,district_name
21,Maharashtra,378,Gondia
state_id,state_name,district_id,district_name
21,Maharashtra,386,Hingoli
state_id,state_name,district_id,district_name
21,Maharashtra,390,Jalgaon
state_id,state_name,district_id,district_name
21,Maharashtra,396,Jalna
state_id,state_name,district_id,district_name
21,Maharashtra,371,Kolhapur
state_id,state_name,district_id,district_name
21,Maharashtra,383,Latur
state_id,state_name,district_id,district_name
21,Maharashtra,395,Mumbai
state_id,state_name,district_id,district_name
21,Maharashtra,365,Nagpur
state_id,state_name,district_id,district_name
21,Maharashtra,382,Nanded
state_id,state_name,district_id,district_name
21,Maharashtra,387,Nandurbar
state_id,state_name,district_id,district_name
21,Maharashtra,389,Nashik
state_id,state_name,district_id,district_name
21,Maharashtra,381,Osmanabad
state_id,state_name,district_id,district_name
21,Maharashtra,394,Palghar
state_id,state_name,district_id,district_name
21,Maharashtra,385,Parbhani
state_id,state_name,district_id,district_name
21,Maharashtra,363,Pune
state_id,state_name,district_id,district_name
21,Maharashtra,393,Raigad
state_id,state_name,district_id,district_name
21,Maharashtra,372,Ratnagiri
state_id,state_name,district_id,district_name
21,Maharashtra,373,Sangli
state_id,state_name,district_id,district_name
21,Maharashtra,788,Sanglii
state_id,state_name,district_id,district_name
21,Maharashtra,376,Satara
state_id,state_name,district_id,district_name
21,Maharashtra,374,Sindhudurg
state_id,state_name,district_id,district_name
21,Maharashtra,375,Solapur
state_id,state_name,district_id,district_name
21,Maharashtra,783,South Mumbai
state_id,state_name,district_id,district_name
21,Maharashtra,392,Thane
state_id,state_name,district_id,district_name
21,Maharashtra,377,Wardha
state_id,state_name,district_id,district_name
21,Maharashtra,369,Washim
state_id,state_name,district_id,district_name
21,Maharashtra,368,Yavatmal
state_id,state_name,district_id,district_name
91,Maharashtra1,823,test111
state_id,state_name,district_id,district_name
91,Maharashtra1,822,test1111
state_id,state_name,district_id,district_name
22,Manipur,398,Bishnupur
state_id,state_name,district_id,district_name
22,Manipur,792,Bishnupur.
state_id,state_name,district_id,district_name
22,Manipur,399,Chandel
state_id,state_name,district_id,district_name
22,Manipur,400,Churachandpur
state_id,state_name,district_id,district_name
22,Manipur,401,Imphal East
state_id,state_name,district_id,district_name
22,Manipur,402,Imphal West
state_id,state_name,district_id,district_name
22,Manipur,410,Jiribam
state_id,state_name,district_id,district_name
22,Manipur,413,Kakching
state_id,state_name,district_id,district_name
22,Manipur,409,Kamjong
state_id,state_name,district_id,district_name
22,Manipur,408,Kangpokpi
state_id,state_name,district_id,district_name
22,Manipur,412,Noney
state_id,state_name,district_id,district_name
22,Manipur,411,Pherzawl
state_id,state_name,district_id,district_name
22,Manipur,403,Senapati
state_id,state_name,district_id,district_name
22,Manipur,404,Tamenglong
state_id,state_name,district_id,district_name
22,Manipur,407,Tengnoupal
state_id,state_name,district_id,district_name
22,Manipur,785,testdistrict
state_id,state_name,district_id,district_name
22,Manipur,405,Thoubal
state_id,state_name,district_id,district_name
22,Manipur,406,Ukhrul
state_id,state_name,district_id,district_name
23,Meghalaya,424,East Garo Hills
state_id,state_name,district_id,district_name
23,Meghalaya,418,East Jaintia Hills
state_id,state_name,district_id,district_name
23,Meghalaya,414,East Khasi Hills
state_id,state_name,district_id,district_name
23,Meghalaya,423,North Garo Hills
state_id,state_name,district_id,district_name
23,Meghalaya,417,Ri-Bhoi
state_id,state_name,district_id,district_name
23,Meghalaya,421,South Garo Hills
state_id,state_name,district_id,district_name
23,Meghalaya,422,South West Garo Hills
state_id,state_name,district_id,district_name
23,Meghalaya,415,South West Khasi Hills
state_id,state_name,district_id,district_name
23,Meghalaya,420,West Garo Hills
state_id,state_name,district_id,district_name
23,Meghalaya,416,West Jaintia Hills
state_id,state_name,district_id,district_name
23,Meghalaya,419,West Khasi Hills
state_id,state_name,district_id,district_name
24,Mizoram,425,Aizawl East
state_id,state_name,district_id,district_name
24,Mizoram,426,Aizawl West
state_id,state_name,district_id,district_name
24,Mizoram,429,Champhai
state_id,state_name,district_id,district_name
24,Mizoram,428,Kolasib
state_id,state_name,district_id,district_name
24,Mizoram,432,Lawngtlai
state_id,state_name,district_id,district_name
24,Mizoram,431,Lunglei
state_id,state_name,district_id,district_name
24,Mizoram,427,Mamit
state_id,state_name,district_id,district_name
24,Mizoram,430,Serchhip
state_id,state_name,district_id,district_name
24,Mizoram,433,Siaha
state_id,state_name,district_id,district_name
25,Nagaland,434,Dimapur
state_id,state_name,district_id,district_name
25,Nagaland,444,Kiphire
state_id,state_name,district_id,district_name
25,Nagaland,441,Kohima
state_id,state_name,district_id,district_name
25,Nagaland,438,Longleng
state_id,state_name,district_id,district_name
25,Nagaland,437,Mokokchung
state_id,state_name,district_id,district_name
25,Nagaland,439,Mon
state_id,state_name,district_id,district_name
25,Nagaland,435,Peren
state_id,state_name,district_id,district_name
25,Nagaland,443,Phek
state_id,state_name,district_id,district_name
25,Nagaland,440,Tuensang
state_id,state_name,district_id,district_name
25,Nagaland,436,Wokha
state_id,state_name,district_id,district_name
25,Nagaland,442,Zunheboto
state_id,state_name,district_id,district_name
105,New State,818,New District
state_id,state_name,district_id,district_name
89,newstate,791,newdistrict
state_id,state_name,district_id,district_name
26,Odisha,445,Angul
state_id,state_name,district_id,district_name
26,Odisha,448,Balangir
state_id,state_name,district_id,district_name
26,Odisha,447,Balasore
state_id,state_name,district_id,district_name
26,Odisha,472,Bargarh
state_id,state_name,district_id,district_name
26,Odisha,454,Bhadrak
state_id,state_name,district_id,district_name
26,Odisha,468,Boudh
state_id,state_name,district_id,district_name
26,Odisha,457,Cuttack
state_id,state_name,district_id,district_name
26,Odisha,473,Deogarh
state_id,state_name,district_id,district_name
26,Odisha,458,Dhenkanal
state_id,state_name,district_id,district_name
26,Odisha,467,Gajapati
state_id,state_name,district_id,district_name
26,Odisha,449,Ganjam
state_id,state_name,district_id,district_name
26,Odisha,459,Jagatsinghpur
state_id,state_name,district_id,district_name
26,Odisha,460,Jajpur
state_id,state_name,district_id,district_name
26,Odisha,474,Jharsuguda
state_id,state_name,district_id,district_name
26,Odisha,464,Kalahandi
state_id,state_name,district_id,district_name
26,Odisha,450,Kandhamal
state_id,state_name,district_id,district_name
26,Odisha,461,Kendrapara
state_id,state_name,district_id,district_name
26,Odisha,455,Kendujhar
state_id,state_name,district_id,district_name
26,Odisha,446,Khurda
state_id,state_name,district_id,district_name
26,Odisha,451,Koraput
state_id,state_name,district_id,district_name
26,Odisha,469,Malkangiri
state_id,state_name,district_id,district_name
26,Odisha,456,Mayurbhanj
state_id,state_name,district_id,district_name
26,Odisha,470,Nabarangpur
state_id,state_name,district_id,district_name
26,Odisha,462,Nayagarh
state_id,state_name,district_id,district_name
26,Odisha,465,Nuapada
state_id,state_name,district_id,district_name
26,Odisha,809,odishaDistrict
state_id,state_name,district_id,district_name
26,Odisha,463,Puri
state_id,state_name,district_id,district_name
26,Odisha,471,Rayagada
state_id,state_name,district_id,district_name
26,Odisha,452,Sambalpur
state_id,state_name,district_id,district_name
26,Odisha,466,Subarnapur
state_id,state_name,district_id,district_name
26,Odisha,453,Sundargarh
state_id,state_name,district_id,district_name
27,Puducherry,476,Karaikal
state_id,state_name,district_id,district_name
27,Puducherry,477,Mahe
state_id,state_name,district_id,district_name
27,Puducherry,475,Puducherry
state_id,state_name,district_id,district_name
27,Puducherry,478,Yanam
state_id,state_name,district_id,district_name
28,Punjab,485,Amritsar
state_id,state_name,district_id,district_name
28,Punjab,483,Barnala
state_id,state_name,district_id,district_name
28,Punjab,493,Bathinda
state_id,state_name,district_id,district_name
28,Punjab,499,Faridkot
state_id,state_name,district_id,district_name
28,Punjab,484,Fatehgarh Sahib
state_id,state_name,district_id,district_name
28,Punjab,487,Fazilka
state_id,state_name,district_id,district_name
28,Punjab,480,Ferozpur
state_id,state_name,district_id,district_name
28,Punjab,489,Gurdaspur
state_id,state_name,district_id,district_name
28,Punjab,481,Hoshiarpur
state_id,state_name,district_id,district_name
28,Punjab,492,Jalandhar
state_id,state_name,district_id,district_name
28,Punjab,479,Kapurthala
state_id,state_name,district_id,district_name
28,Punjab,488,Ludhiana
state_id,state_name,district_id,district_name
28,Punjab,482,Mansa
state_id,state_name,district_id,district_name
28,Punjab,491,Moga
state_id,state_name,district_id,district_name
28,Punjab,486,Pathankot
state_id,state_name,district_id,district_name
28,Punjab,494,Patiala
state_id,state_name,district_id,district_name
28,Punjab,497,Rup Nagar
state_id,state_name,district_id,district_name
28,Punjab,498,Sangrur
state_id,state_name,district_id,district_name
28,Punjab,496,SAS Nagar
state_id,state_name,district_id,district_name
28,Punjab,500,SBS Nagar
state_id,state_name,district_id,district_name
28,Punjab,490,Sri Muktsar Sahib
state_id,state_name,district_id,district_name
28,Punjab,495,Tarn Taran
state_id,state_name,district_id,district_name
29,Rajasthan,507,Ajmer
state_id,state_name,district_id,district_name
29,Rajasthan,512,Alwar
state_id,state_name,district_id,district_name
29,Rajasthan,519,Banswara
state_id,state_name,district_id,district_name
29,Rajasthan,516,Baran
state_id,state_name,district_id,district_name
29,Rajasthan,528,Barmer
state_id,state_name,district_id,district_name
29,Rajasthan,508,Bharatpur
state_id,state_name,district_id,district_name
29,Rajasthan,523,Bhilwara
state_id,state_name,district_id,district_name
29,Rajasthan,501,Bikaner
state_id,state_name,district_id,district_name
29,Rajasthan,514,Bundi
state_id,state_name,district_id,district_name
29,Rajasthan,521,Chittorgarh
state_id,state_name,district_id,district_name
29,Rajasthan,530,Churu
state_id,state_name,district_id,district_name
29,Rajasthan,511,Dausa
state_id,state_name,district_id,district_name
29,Rajasthan,524,Dholpur
state_id,state_name,district_id,district_name
29,Rajasthan,520,Dungarpur
state_id,state_name,district_id,district_name
29,Rajasthan,517,Hanumangarh
state_id,state_name,district_id,district_name
29,Rajasthan,505,Jaipur I
state_id,state_name,district_id,district_name
29,Rajasthan,506,Jaipur II
state_id,state_name,district_id,district_name
29,Rajasthan,527,Jaisalmer
state_id,state_name,district_id,district_name
29,Rajasthan,533,Jalore
state_id,state_name,district_id,district_name
29,Rajasthan,515,Jhalawar
state_id,state_name,district_id,district_name
29,Rajasthan,510,Jhunjhunu
state_id,state_name,district_id,district_name
29,Rajasthan,502,Jodhpur
state_id,state_name,district_id,district_name
29,Rajasthan,525,Karauli
state_id,state_name,district_id,district_name
29,Rajasthan,503,Kota
state_id,state_name,district_id,district_name
29,Rajasthan,532,Nagaur
state_id,state_name,district_id,district_name
29,Rajasthan,529,Pali
state_id,state_name,district_id,district_name
29,Rajasthan,522,Pratapgarh
state_id,state_name,district_id,district_name
29,Rajasthan,518,Rajsamand
state_id,state_name,district_id,district_name
29,Rajasthan,534,Sawai Madhopur
state_id,state_name,district_id,district_name
29,Rajasthan,513,Sikar
state_id,state_name,district_id,district_name
29,Rajasthan,531,Sirohi
state_id,state_name,district_id,district_name
29,Rajasthan,509,Sri Ganganagar
state_id,state_name,district_id,district_name
29,Rajasthan,526,Tonk
state_id,state_name,district_id,district_name
29,Rajasthan,504,Udaipur
state_id,state_name,district_id,district_name
103,sample state1,814,district new
state_id,state_name,district_id,district_name
104,Sanity 210121,817,Sanity District 210121
state_id,state_name,district_id,district_name
30,Sikkim,535,East Sikkim
state_id,state_name,district_id,district_name
30,Sikkim,537,North Sikkim
state_id,state_name,district_id,district_name
30,Sikkim,538,South Sikkim
state_id,state_name,district_id,district_name
30,Sikkim,536,West Sikkim
state_id,state_name,district_id,district_name
85,State MH,786,District MH A
state_id,state_name,district_id,district_name
93,state1,807,district1
state_id,state_name,district_id,district_name
93,state1,808,district7
state_id,state_name,district_id,district_name
31,Tamil Nadu,779,Aranthangi
state_id,state_name,district_id,district_name
31,Tamil Nadu,555,Ariyalur
state_id,state_name,district_id,district_name
31,Tamil Nadu,578,Attur
state_id,state_name,district_id,district_name
31,Tamil Nadu,811,Chengalpattu
state_id,state_name,district_id,district_name
31,Tamil Nadu,565,Chengalpet
state_id,state_name,district_id,district_name
31,Tamil Nadu,571,Chennai
state_id,state_name,district_id,district_name
31,Tamil Nadu,778,Cheyyar
state_id,state_name,district_id,district_name
31,Tamil Nadu,539,Coimbatore
state_id,state_name,district_id,district_name
31,Tamil Nadu,547,Cuddalore
state_id,state_name,district_id,district_name
31,Tamil Nadu,566,Dharmapuri
state_id,state_name,district_id,district_name
31,Tamil Nadu,556,Dindigul
state_id,state_name,district_id,district_name
31,Tamil Nadu,563,Erode
state_id,state_name,district_id,district_name
31,Tamil Nadu,552,Kallakurichi
state_id,state_name,district_id,district_name
31,Tamil Nadu,557,Kanchipuram
state_id,state_name,district_id,district_name
31,Tamil Nadu,544,Kanyakumari
state_id,state_name,district_id,district_name
31,Tamil Nadu,559,Karur
state_id,state_name,district_id,district_name
31,Tamil Nadu,780,Kovilpatti
state_id,state_name,district_id,district_name
31,Tamil Nadu,562,Krishnagiri
state_id,state_name,district_id,district_name
31,Tamil Nadu,540,Madurai
state_id,state_name,district_id,district_name
31,Tamil Nadu,576,Nagapattinam
state_id,state_name,district_id,district_name
31,Tamil Nadu,558,Namakkal
state_id,state_name,district_id,district_name
31,Tamil Nadu,577,Nilgiris
state_id,state_name,district_id,district_name
31,Tamil Nadu,564,Palani
state_id,state_name,district_id,district_name
31,Tamil Nadu,573,Paramakudi
state_id,state_name,district_id,district_name
31,Tamil Nadu,570,Perambalur
state_id,state_name,district_id,district_name
31,Tamil Nadu,575,Poonamallee
state_id,state_name,district_id,district_name
31,Tamil Nadu,546,Pudukkottai
state_id,state_name,district_id,district_name
31,Tamil Nadu,567,Ramanathapuram
state_id,state_name,district_id,district_name
31,Tamil Nadu,781,Ranipet
state_id,state_name,district_id,district_name
31,Tamil Nadu,545,Salem
state_id,state_name,district_id,district_name
31,Tamil Nadu,561,Sivaganga
state_id,state_name,district_id,district_name
31,Tamil Nadu,580,Sivakasi
state_id,state_name,district_id,district_name
31,Tamil Nadu,551,Tenkasi
state_id,state_name,district_id,district_name
31,Tamil Nadu,541,Thanjavur
state_id,state_name,district_id,district_name
31,Tamil Nadu,569,Theni
state_id,state_name,district_id,district_name
31,Tamil Nadu,810,Thiruvallur
state_id,state_name,district_id,district_name
31,Tamil Nadu,554,Thoothukudi (Tuticorin)
state_id,state_name,district_id,district_name
31,Tamil Nadu,560,Tiruchirappalli
state_id,state_name,district_id,district_name
31,Tamil Nadu,548,Tirunelveli
state_id,state_name,district_id,district_name
31,Tamil Nadu,550,Tirupattur
state_id,state_name,district_id,district_name
31,Tamil Nadu,568,Tiruppur
state_id,state_name,district_id,district_name
31,Tamil Nadu,572,Tiruvallur
state_id,state_name,district_id,district_name
31,Tamil Nadu,553,Tiruvannamalai
state_id,state_name,district_id,district_name
31,Tamil Nadu,574,Tiruvarur
state_id,state_name,district_id,district_name
31,Tamil Nadu,543,Vellore
state_id,state_name,district_id,district_name
31,Tamil Nadu,542,Viluppuram
state_id,state_name,district_id,district_name
31,Tamil Nadu,549,Virudhunagar
state_id,state_name,district_id,district_name
31,Tamil Nadu,579,Virudhunagar 
state_id,state_name,district_id,district_name
32,Telangana,582,Adilabad
state_id,state_name,district_id,district_name
32,Telangana,583,Bhadradri Kothagudem
state_id,state_name,district_id,district_name
32,Telangana,581,Hyderabad
state_id,state_name,district_id,district_name
32,Telangana,584,Jagtial
state_id,state_name,district_id,district_name
32,Telangana,585,Jangaon
state_id,state_name,district_id,district_name
32,Telangana,586,Jayashankar Bhupalpally
state_id,state_name,district_id,district_name
32,Telangana,587,Jogulamba Gadwal
state_id,state_name,district_id,district_name
32,Telangana,588,Kamareddy
state_id,state_name,district_id,district_name
32,Telangana,589,Karimnagar
state_id,state_name,district_id,district_name
32,Telangana,590,Khammam
state_id,state_name,district_id,district_name
32,Telangana,591,Kumuram Bheem
state_id,state_name,district_id,district_name
32,Telangana,592,Mahabubabad
state_id,state_name,district_id,district_name
32,Telangana,593,Mahabubnagar
state_id,state_name,district_id,district_name
32,Telangana,594,Mancherial
state_id,state_name,district_id,district_name
32,Telangana,595,Medak
state_id,state_name,district_id,district_name
32,Telangana,596,Medchal
state_id,state_name,district_id,district_name
32,Telangana,612,Mulugu
state_id,state_name,district_id,district_name
32,Telangana,597,Nagarkurnool
state_id,state_name,district_id,district_name
32,Telangana,598,Nalgonda
state_id,state_name,district_id,district_name
32,Telangana,613,Narayanpet
state_id,state_name,district_id,district_name
32,Telangana,599,Nirmal
state_id,state_name,district_id,district_name
32,Telangana,600,Nizamabad
state_id,state_name,district_id,district_name
32,Telangana,601,Peddapalli
state_id,state_name,district_id,district_name
32,Telangana,602,Rajanna Sircilla
state_id,state_name,district_id,district_name
32,Telangana,603,Rangareddy
state_id,state_name,district_id,district_name
32,Telangana,604,Sangareddy
state_id,state_name,district_id,district_name
32,Telangana,605,Siddipet
state_id,state_name,district_id,district_name
32,Telangana,606,Suryapet
state_id,state_name,district_id,district_name
32,Telangana,607,Vikarabad
state_id,state_name,district_id,district_name
32,Telangana,608,Wanaparthy
state_id,state_name,district_id,district_name
32,Telangana,609,Warangal(Rural)
state_id,state_name,district_id,district_name
32,Telangana,610,Warangal(Urban)
state_id,state_name,district_id,district_name
32,Telangana,611,Yadadri Bhuvanagiri
state_id,state_name,district_id,district_name
87,Test State,789,Test District
state_id,state_name,district_id,district_name
33,Tripura,614,Dhalai
state_id,state_name,district_id,district_name
33,Tripura,615,Gomati
state_id,state_name,district_id,district_name
33,Tripura,616,Khowai
state_id,state_name,district_id,district_name
33,Tripura,617,North Tripura
state_id,state_name,district_id,district_name
33,Tripura,618,Sepahijala
state_id,state_name,district_id,district_name
33,Tripura,619,South Tripura
state_id,state_name,district_id,district_name
33,Tripura,620,Unakoti
state_id,state_name,district_id,district_name
33,Tripura,621,West Tripura
state_id,state_name,district_id,district_name
34,Uttar Pradesh,622,Agra
state_id,state_name,district_id,district_name
34,Uttar Pradesh,623,Aligarh
state_id,state_name,district_id,district_name
34,Uttar Pradesh,625,Ambedkar Nagar
state_id,state_name,district_id,district_name
34,Uttar Pradesh,626,Amethi
state_id,state_name,district_id,district_name
34,Uttar Pradesh,627,Amroha
state_id,state_name,district_id,district_name
34,Uttar Pradesh,628,Auraiya
state_id,state_name,district_id,district_name
34,Uttar Pradesh,646,Ayodhya
state_id,state_name,district_id,district_name
34,Uttar Pradesh,629,Azamgarh
state_id,state_name,district_id,district_name
34,Uttar Pradesh,630,Badaun
state_id,state_name,district_id,district_name
34,Uttar Pradesh,631,Baghpat
state_id,state_name,district_id,district_name
34,Uttar Pradesh,632,Bahraich
state_id,state_name,district_id,district_name
34,Uttar Pradesh,633,Balarampur
state_id,state_name,district_id,district_name
34,Uttar Pradesh,634,Ballia
state_id,state_name,district_id,district_name
34,Uttar Pradesh,635,Banda
state_id,state_name,district_id,district_name
34,Uttar Pradesh,636,Barabanki
state_id,state_name,district_id,district_name
34,Uttar Pradesh,637,Bareilly
state_id,state_name,district_id,district_name
34,Uttar Pradesh,638,Basti
state_id,state_name,district_id,district_name
34,Uttar Pradesh,687,Bhadohi
state_id,state_name,district_id,district_name
34,Uttar Pradesh,639,Bijnour
state_id,state_name,district_id,district_name
34,Uttar Pradesh,640,Bulandshahr
state_id,state_name,district_id,district_name
34,Uttar Pradesh,641,Chandauli
state_id,state_name,district_id,district_name
34,Uttar Pradesh,642,Chitrakoot
state_id,state_name,district_id,district_name
34,Uttar Pradesh,643,Deoria
state_id,state_name,district_id,district_name
34,Uttar Pradesh,644,Etah
state_id,state_name,district_id,district_name
34,Uttar Pradesh,645,Etawah
state_id,state_name,district_id,district_name
34,Uttar Pradesh,647,Farrukhabad
state_id,state_name,district_id,district_name
34,Uttar Pradesh,648,Fatehpur
state_id,state_name,district_id,district_name
34,Uttar Pradesh,649,Firozabad
state_id,state_name,district_id,district_name
34,Uttar Pradesh,650,Gautam Buddha Nagar
state_id,state_name,district_id,district_name
34,Uttar Pradesh,651,Ghaziabad
state_id,state_name,district_id,district_name
34,Uttar Pradesh,652,Ghazipur
state_id,state_name,district_id,district_name
34,Uttar Pradesh,653,Gonda
state_id,state_name,district_id,district_name
34,Uttar Pradesh,654,Gorakhpur
state_id,state_name,district_id,district_name
34,Uttar Pradesh,655,Hamirpur
state_id,state_name,district_id,district_name
34,Uttar Pradesh,656,Hapur
state_id,state_name,district_id,district_name
34,Uttar Pradesh,657,Hardoi
state_id,state_name,district_id,district_name
34,Uttar Pradesh,658,Hathras
state_id,state_name,district_id,district_name
34,Uttar Pradesh,659,Jalaun
state_id,state_name,district_id,district_name
34,Uttar Pradesh,660,Jaunpur
state_id,state_name,district_id,district_name
34,Uttar Pradesh,661,Jhansi
state_id,state_name,district_id,district_name
34,Uttar Pradesh,662,Kannauj
state_id,state_name,district_id,district_name
34,Uttar Pradesh,663,Kanpur Dehat
state_id,state_name,district_id,district_name
34,Uttar Pradesh,664,Kanpur Nagar
state_id,state_name,district_id,district_name
34,Uttar Pradesh,665,Kasganj
state_id,state_name,district_id,district_name
34,Uttar Pradesh,666,Kaushambi
state_id,state_name,district_id,district_name
34,Uttar Pradesh,667,Kushinagar
state_id,state_name,district_id,district_name
34,Uttar Pradesh,668,Lakhimpur Kheri
state_id,state_name,district_id,district_name
34,Uttar Pradesh,669,Lalitpur
state_id,state_name,district_id,district_name
34,Uttar Pradesh,670,Lucknow
state_id,state_name,district_id,district_name
34,Uttar Pradesh,671,Maharajganj
state_id,state_name,district_id,district_name
34,Uttar Pradesh,672,Mahoba
state_id,state_name,district_id,district_name
34,Uttar Pradesh,673,Mainpuri
state_id,state_name,district_id,district_name
34,Uttar Pradesh,674,Mathura
state_id,state_name,district_id,district_name
34,Uttar Pradesh,675,Mau
state_id,state_name,district_id,district_name
34,Uttar Pradesh,676,Meerut
state_id,state_name,district_id,district_name
34,Uttar Pradesh,677,Mirzapur
state_id,state_name,district_id,district_name
34,Uttar Pradesh,678,Moradabad
state_id,state_name,district_id,district_name
34,Uttar Pradesh,679,Muzaffarnagar
state_id,state_name,district_id,district_name
34,Uttar Pradesh,680,Pilibhit
state_id,state_name,district_id,district_name
34,Uttar Pradesh,682,Pratapgarh
state_id,state_name,district_id,district_name
34,Uttar Pradesh,624,Prayagraj
state_id,state_name,district_id,district_name
34,Uttar Pradesh,681,Raebareli
state_id,state_name,district_id,district_name
34,Uttar Pradesh,683,Rampur
state_id,state_name,district_id,district_name
34,Uttar Pradesh,684,Saharanpur
state_id,state_name,district_id,district_name
34,Uttar Pradesh,685,Sambhal
state_id,state_name,district_id,district_name
34,Uttar Pradesh,686,Sant Kabir Nagar
state_id,state_name,district_id,district_name
34,Uttar Pradesh,688,Shahjahanpur
state_id,state_name,district_id,district_name
34,Uttar Pradesh,689,Shamli
state_id,state_name,district_id,district_name
34,Uttar Pradesh,690,Shravasti
state_id,state_name,district_id,district_name
34,Uttar Pradesh,691,Siddharthnagar
state_id,state_name,district_id,district_name
34,Uttar Pradesh,692,Sitapur
state_id,state_name,district_id,district_name
34,Uttar Pradesh,693,Sonbhadra
state_id,state_name,district_id,district_name
34,Uttar Pradesh,694,Sultanpur
state_id,state_name,district_id,district_name
34,Uttar Pradesh,695,Unnao
state_id,state_name,district_id,district_name
34,Uttar Pradesh,696,Varanasi
state_id,state_name,district_id,district_name
35,Uttarakhand,704,Almora
state_id,state_name,district_id,district_name
35,Uttarakhand,707,Bageshwar
state_id,state_name,district_id,district_name
35,Uttarakhand,699,Chamoli
state_id,state_name,district_id,district_name
35,Uttarakhand,708,Champawat
state_id,state_name,district_id,district_name
35,Uttarakhand,697,Dehradun
state_id,state_name,district_id,district_name
35,Uttarakhand,702,Haridwar
state_id,state_name,district_id,district_name
35,Uttarakhand,709,Nainital
state_id,state_name,district_id,district_name
35,Uttarakhand,698,Pauri Garhwal
state_id,state_name,district_id,district_name
35,Uttarakhand,706,Pithoragarh
state_id,state_name,district_id,district_name
35,Uttarakhand,700,Rudraprayag
state_id,state_name,district_id,district_name
35,Uttarakhand,701,Tehri Garhwal
state_id,state_name,district_id,district_name
35,Uttarakhand,705,Udham Singh Nagar
state_id,state_name,district_id,district_name
35,Uttarakhand,703,Uttarkashi
state_id,state_name,district_id,district_name
36,West Bengala,710,Alipurduar District
state_id,state_name,district_id,district_name
36,West Bengala,711,Bankura
state_id,state_name,district_id,district_name
36,West Bengala,712,Basirhat HD (North 24 Parganas)
state_id,state_name,district_id,district_name
36,West Bengala,713,Birbhum
state_id,state_name,district_id,district_name
36,West Bengala,714,Bishnupur HD (Bankura)
state_id,state_name,district_id,district_name
36,West Bengala,715,Cooch Behar
state_id,state_name,district_id,district_name
36,West Bengala,716,Dakshin Dinajpur
state_id,state_name,district_id,district_name
36,West Bengala,717,Darjeeling
state_id,state_name,district_id,district_name
36,West Bengala,718,Diamond Harbor HD (S 24 Parganas)
state_id,state_name,district_id,district_name
36,West Bengala,719,East Bardhaman
state_id,state_name,district_id,district_name
36,West Bengala,720,Hoogly
state_id,state_name,district_id,district_name
36,West Bengala,721,Howrah
state_id,state_name,district_id,district_name
36,West Bengala,722,Jalpaiguri
state_id,state_name,district_id,district_name
36,West Bengala,723,Jhargram
state_id,state_name,district_id,district_name
36,West Bengala,724,Kalimpong
state_id,state_name,district_id,district_name
36,West Bengala,725,Kolkata
state_id,state_name,district_id,district_name
36,West Bengala,726,Malda
state_id,state_name,district_id,district_name
36,West Bengala,727,Murshidabad
state_id,state_name,district_id,district_name
36,West Bengala,728,Nadia
state_id,state_name,district_id,district_name
36,West Bengala,729,Nandigram HD (East Medinipore)
state_id,state_name,district_id,district_name
36,West Bengala,730,North 24 Parganas
state_id,state_name,district_id,district_name
36,West Bengala,731,Paschim Medinipore
state_id,state_name,district_id,district_name
36,West Bengala,732,Purba Medinipore
state_id,state_name,district_id,district_name
36,West Bengala,733,Purulia
state_id,state_name,district_id,district_name
36,West Bengala,734,Rampurhat HD (Birbhum)
state_id,state_name,district_id,district_name
36,West Bengala,735,South 24 Parganas
state_id,state_name,district_id,district_name
36,West Bengala,736,Uttar Dinajpur
state_id,state_name,district_id,district_name
36,West Bengala,737,West Bardhaman
